<?xml version="1.0" encoding="UTF-8" standalone="yes"?>
<addon id="plugin.video.m3ucl" name="M3U.cl Listas" version="1.0" provider-name="Kodish Team">
  <requires>
    <import addon="xbmc.python" version="3.0.0"/>
    <import addon="script.module.requests" version="2.22.0"/>
    <import addon="script.module.dateutil" version="2.8.1"/>    
  </requires>
  <extension point="xbmc.python.pluginsource" library="default.py">
    <provides>video</provides>
  </extension>
  <extension point="xbmc.addon.metadata">
    <summary lang="en_GB">M3U.cl Listas</summary>
    <description lang="en_GB">Manage your various playlists in a simple way.[CR]EPG support for xmltv.[CR][CR]Note:[CR]This addon does not contain any illegal content. Should you add any illegal content, you are fully responsible for any consequences.</description>
	<language>en</language>
    <platform>all</platform>
    <source></source>
    <assets>
        <icon>icon.png</icon>
    </assets>
  </extension>
</addon>
